<?xml version = "1.0" encoding = "utf-8"?>
<!DOCTYPE hibernate-mapping PUBLIC 
"-//Hibernate/Hibernate Mapping DTD//EN"
"http://www.hibernate.org/dtd/hibernate-mapping-3.0.dtd"> 

<hibernate-mapping>
	<class name="model.Employee" table="Employee">
		<meta attribute = "class-description">
			This class contains the employee details.
		</meta>
		<id name="empId" column="empId" type="int"> <!-- PK -->
			<generator class="increment"/>
		</id>
		
		<property name="empName" column="emp_name" type="string"/>
		<property name="empPhoneNum" column="empPhone" type="string"/>
		<property name="experience" column="experience" type="string"/>
		<property name="dob" column="dob" type="date"/>
		<property name="gender" column="gender" type="string"/>
		<property name="salary" column="salary" type="int"/>
		<property name="age" column="age" type="int"/>
		<many-to-one name="dept" column="dept" class="model.Department" cascade="all"></many-to-one>
		<one-to-one name="bankAccount"  class="model.BankAccount" cascade="all"></one-to-one>
	</class>
</hibernate-mapping>